{"cameraMode":{"drawMode":0,"name":"Shaded","section":"Shading Mode"},"sceneLighting":true,"audioPlay":false,"sceneViewState":{"showFog":true,"showMaterialUpdate":true,"showSkybox":true,"showFlares":true,"showImageEffects":true,"showParticleSystems":true},"in2DMode":false,"pivot":{"x":-77.2303237915039,"y":126.9290771484375,"z":-222.2873992919922},"rotation":{"x":0.0958525761961937,"y":-0.0014933457132428885,"z":0.0001437386526959017,"w":0.9953952431678772},"size":873.2570190429688,"orthographic":false}